date,net_flow_usd_m,abs_flow_usd_m,is_inflow,cumulative_flow_usd_m
2024-01-11,655.3,655.3,True,655.3
2024-01-12,203.0,203.0,True,858.3
2024-01-15,0.0,0.0,False,858.3
2024-01-16,-52.7,52.7,False,805.5999999999999
2024-01-17,453.8,453.8,True,1259.3999999999999
2024-01-18,-126.6,126.6,False,1132.8
2024-01-19,43.6,43.6,True,1176.3999999999999
2024-01-22,-87.4,87.4,False,1088.9999999999998
2024-01-23,-106.1,106.1,False,982.8999999999997
2024-01-24,-158.3,158.3,False,824.5999999999997
2024-01-25,-79.8,79.8,False,744.7999999999997
2024-01-26,14.8,14.8,True,759.5999999999997
2024-01-29,255.1,255.1,True,1014.6999999999997
2024-01-30,247.3,247.3,True,1261.9999999999998
2024-01-31,197.6,197.6,True,1459.5999999999997
2024-02-01,38.5,38.5,True,1498.0999999999997
2024-02-02,80.0,80.0,True,1578.0999999999997
2024-02-05,68.1,68.1,True,1646.1999999999996
2024-02-06,33.6,33.6,True,1679.7999999999995
2024-02-07,146.0,146.0,True,1825.7999999999995
2024-02-08,405.0,405.0,True,2230.7999999999993
2024-02-09,541.5,541.5,True,2772.2999999999993
2024-02-12,493.4,493.4,True,3265.6999999999994
2024-02-13,636.3,636.3,True,3901.999999999999
2024-02-14,339.7,339.7,True,4241.699999999999
2024-02-15,477.4,477.4,True,4719.0999999999985
2024-02-16,330.3,330.3,True,5049.399999999999
2024-02-19,0.0,0.0,False,5049.399999999999
2024-02-20,135.6,135.6,True,5184.999999999999
2024-02-21,-35.6,35.6,False,5149.399999999999
2024-02-22,251.4,251.4,True,5400.799999999998
2024-02-23,232.5,232.5,True,5633.299999999998
2024-02-26,519.9,519.9,True,6153.199999999998
2024-02-27,576.9,576.9,True,6730.099999999998
2024-02-28,673.4,673.4,True,7403.499999999997
2024-02-29,92.3,92.3,True,7495.799999999997
2024-03-01,-139.6,139.6,False,7356.199999999997
2024-03-04,562.7,562.7,True,7918.899999999997
2024-03-05,648.3,648.3,True,8567.199999999997
2024-03-06,332.0,332.0,True,8899.199999999997
2024-03-07,472.5,472.5,True,9371.699999999997
2024-03-08,223.0,223.0,True,9594.699999999997
2024-03-11,505.4,505.4,True,10100.099999999997
2024-03-12,1045.0,1045.0,True,11145.099999999997
2024-03-13,683.7,683.7,True,11828.799999999997
2024-03-14,132.7,132.7,True,11961.499999999998
2024-03-15,198.8,198.8,True,12160.299999999997
2024-03-18,-154.3,154.3,False,12005.999999999998
2024-03-19,-326.2,326.2,False,11679.799999999997
2024-03-20,-261.5,261.5,False,11418.299999999997
2024-03-21,-94.0,94.0,False,11324.299999999997
2024-03-22,-51.6,51.6,False,11272.699999999997
2024-03-25,15.4,15.4,True,11288.099999999997
2024-03-26,418.0,418.0,True,11706.099999999997
2024-03-27,243.5,243.5,True,11949.599999999997
2024-03-28,182.8,182.8,True,12132.399999999996
2024-03-29,0.0,0.0,False,12132.399999999996
2024-04-01,-85.7,85.7,False,12046.699999999995
2024-04-02,39.5,39.5,True,12086.199999999995
2024-04-03,113.5,113.5,True,12199.699999999995
2024-04-04,213.4,213.4,True,12413.099999999995
2024-04-05,203.0,203.0,True,12616.099999999995
2024-04-08,-223.8,223.8,False,12392.299999999996
2024-04-09,-19.4,19.4,False,12372.899999999996
2024-04-10,123.7,123.7,True,12496.599999999997
2024-04-11,91.3,91.3,True,12587.899999999996
2024-04-12,-55.1,55.1,False,12532.799999999996
2024-04-15,-36.7,36.7,False,12496.099999999995
2024-04-16,-58.0,58.0,False,12438.099999999995
2024-04-17,-165.0,165.0,False,12273.099999999995
2024-04-18,-4.3,4.3,False,12268.799999999996
2024-04-19,59.7,59.7,True,12328.499999999996
2024-04-22,62.2,62.2,True,12390.699999999997
2024-04-23,31.6,31.6,True,12422.299999999997
2024-04-24,-120.6,120.6,False,12301.699999999997
2024-04-25,-217.6,217.6,False,12084.099999999997
2024-04-26,-83.6,83.6,False,12000.499999999996
2024-04-29,-51.6,51.6,False,11948.899999999996
2024-04-30,-161.6,161.6,False,11787.299999999996
2024-05-01,-563.7,563.7,False,11223.599999999995
2024-05-02,-34.4,34.4,False,11189.199999999995
2024-05-03,378.3,378.3,True,11567.499999999995
2024-05-06,217.0,217.0,True,11784.499999999995
2024-05-07,-15.7,15.7,False,11768.799999999994
2024-05-08,11.5,11.5,True,11780.299999999994
2024-05-09,-11.3,11.3,False,11768.999999999995
2024-05-10,-84.7,84.7,False,11684.299999999994
2024-05-13,66.0,66.0,True,11750.299999999994
2024-05-14,100.5,100.5,True,11850.799999999994
2024-05-15,303.0,303.0,True,12153.799999999994
2024-05-16,257.3,257.3,True,12411.099999999993
2024-05-17,221.5,221.5,True,12632.599999999993
2024-05-20,237.2,237.2,True,12869.799999999994
2024-05-21,305.7,305.7,True,13175.499999999995
2024-05-22,154.0,154.0,True,13329.499999999995
2024-05-23,107.9,107.9,True,13437.399999999994
2024-05-24,251.9,251.9,True,13689.299999999994
2024-05-27,0.0,0.0,False,13689.299999999994
2024-05-28,45.0,45.0,True,13734.299999999994
2024-05-29,28.3,28.3,True,13762.599999999993
2024-05-30,48.8,48.8,True,13811.399999999992
2024-05-31,48.8,48.8,True,13860.199999999992
2024-06-03,105.1,105.1,True,13965.299999999992
2024-06-04,886.6,886.6,True,14851.899999999992
2024-06-05,488.1,488.1,True,15339.999999999993
2024-06-06,217.7,217.7,True,15557.699999999993
2024-06-07,131.0,131.0,True,15688.699999999993
2024-06-10,-64.9,64.9,False,15623.799999999994
2024-06-11,-200.4,200.4,False,15423.399999999994
2024-06-12,100.8,100.8,True,15524.199999999993
2024-06-13,-226.2,226.2,False,15297.999999999993
2024-06-14,-189.9,189.9,False,15108.099999999993
2024-06-17,-145.9,145.9,False,14962.199999999993
2024-06-18,-152.4,152.4,False,14809.799999999994
2024-06-19,0.0,0.0,False,14809.799999999994
2024-06-20,-139.9,139.9,False,14669.899999999994
2024-06-21,-105.9,105.9,False,14563.999999999995
2024-06-24,-174.5,174.5,False,14389.499999999995
2024-06-25,31.0,31.0,True,14420.499999999995
2024-06-26,21.4,21.4,True,14441.899999999994
2024-06-27,11.8,11.8,True,14453.699999999993
2024-06-28,73.0,73.0,True,14526.699999999993
2024-07-01,129.5,129.5,True,14656.199999999993
2024-07-02,-13.7,13.7,False,14642.499999999993
2024-07-03,-20.5,20.5,False,14621.999999999993
2024-07-04,0.0,0.0,False,14621.999999999993
2024-07-05,143.1,143.1,True,14765.099999999993
2024-07-08,294.8,294.8,True,15059.899999999992
2024-07-09,216.4,216.4,True,15276.299999999992
2024-07-10,147.4,147.4,True,15423.699999999992
2024-07-11,78.9,78.9,True,15502.599999999991
2024-07-12,310.1,310.1,True,15812.699999999992
2024-07-15,300.9,300.9,True,16113.599999999991
2024-07-16,422.5,422.5,True,16536.09999999999
2024-07-17,53.3,53.3,True,16589.39999999999
2024-07-18,37.2,37.2,True,16626.59999999999
2024-07-19,427.2,427.2,True,17053.799999999992
2024-07-22,485.9,485.9,True,17539.699999999993
2024-07-23,-78.0,78.0,False,17461.699999999993
2024-07-24,44.5,44.5,True,17506.199999999993
2024-07-25,31.1,31.1,True,17537.299999999992
2024-07-26,51.8,51.8,True,17589.09999999999
2024-07-29,124.1,124.1,True,17713.19999999999
2024-07-30,-18.3,18.3,False,17694.89999999999
2024-07-31,0.3,0.3,True,17695.19999999999
2024-08-01,50.6,50.6,True,17745.79999999999
2024-08-02,-237.4,237.4,False,17508.399999999987
2024-08-05,-168.4,168.4,False,17339.999999999985
2024-08-06,-148.6,148.6,False,17191.399999999987
2024-08-07,45.1,45.1,True,17236.499999999985
2024-08-08,194.6,194.6,True,17431.099999999984
2024-08-09,-89.7,89.7,False,17341.399999999983
2024-08-12,27.8,27.8,True,17369.199999999983
2024-08-13,39.0,39.0,True,17408.199999999983
2024-08-14,-81.4,81.4,False,17326.79999999998
2024-08-15,11.1,11.1,True,17337.89999999998
2024-08-16,35.9,35.9,True,17373.79999999998
2024-08-19,62.1,62.1,True,17435.89999999998
2024-08-20,88.0,88.0,True,17523.89999999998
2024-08-21,39.5,39.5,True,17563.39999999998
2024-08-22,64.8,64.8,True,17628.19999999998
2024-08-23,252.0,252.0,True,17880.19999999998
2024-08-26,202.6,202.6,True,18082.799999999977
2024-08-27,-127.1,127.1,False,17955.69999999998
2024-08-28,-105.3,105.3,False,17850.39999999998
2024-08-29,-71.8,71.8,False,17778.59999999998
2024-08-30,-175.6,175.6,False,17602.99999999998
2024-09-02,0.0,0.0,False,17602.99999999998
2024-09-03,-287.8,287.8,False,17315.199999999983
2024-09-04,-37.2,37.2,False,17277.99999999998
2024-09-05,-211.1,211.1,False,17066.899999999983
2024-09-06,-170.0,170.0,False,16896.899999999983
2024-09-09,28.6,28.6,True,16925.49999999998
2024-09-10,117.0,117.0,True,17042.49999999998
2024-09-11,-43.9,43.9,False,16998.59999999998
2024-09-12,39.0,39.0,True,17037.59999999998
2024-09-13,263.2,263.2,True,17300.79999999998
2024-09-16,12.8,12.8,True,17313.59999999998
2024-09-17,186.8,186.8,True,17500.39999999998
2024-09-18,-52.7,52.7,False,17447.69999999998
2024-09-19,158.3,158.3,True,17605.999999999978
2024-09-20,92.0,92.0,True,17697.999999999978
2024-09-23,4.5,4.5,True,17702.499999999978
2024-09-24,136.0,136.0,True,17838.499999999978
2024-09-25,105.9,105.9,True,17944.39999999998
2024-09-26,365.7,365.7,True,18310.09999999998
2024-09-27,494.4,494.4,True,18804.49999999998
2024-09-30,61.3,61.3,True,18865.79999999998
2024-10-01,-242.6,242.6,False,18623.199999999983
2024-10-02,-91.7,91.7,False,18531.49999999998
2024-10-03,-54.2,54.2,False,18477.29999999998
2024-10-04,25.6,25.6,True,18502.89999999998
2024-10-07,235.2,235.2,True,18738.09999999998
2024-10-08,-18.6,18.6,False,18719.49999999998
2024-10-09,-40.6,40.6,False,18678.899999999983
2024-10-10,-120.8,120.8,False,18558.099999999984
2024-10-11,253.6,253.6,True,18811.699999999983
2024-10-14,555.9,555.9,True,19367.599999999984
2024-10-15,371.0,371.0,True,19738.599999999984
2024-10-16,458.5,458.5,True,20197.099999999984
2024-10-17,470.5,470.5,True,20667.599999999984
2024-10-18,273.7,273.7,True,20941.299999999985
2024-10-21,294.3,294.3,True,21235.599999999984
2024-10-22,-79.1,79.1,False,21156.499999999985
2024-10-23,192.4,192.4,True,21348.899999999987
2024-10-24,188.0,188.0,True,21536.899999999987
2024-10-25,402.0,402.0,True,21938.899999999987
2024-10-28,479.4,479.4,True,22418.29999999999
2024-10-29,870.1,870.1,True,23288.399999999987
2024-10-30,893.3,893.3,True,24181.699999999986
2024-10-31,32.3,32.3,True,24213.999999999985
2024-11-01,-54.9,54.9,False,24159.099999999984
2024-11-04,-541.1,541.1,False,23617.999999999985
2024-11-05,-116.8,116.8,False,23501.199999999986
2024-11-06,621.9,621.9,True,24123.099999999988
2024-11-07,1373.8,1373.8,True,25496.899999999987
2024-11-08,293.4,293.4,True,25790.29999999999
2024-11-11,1114.1,1114.1,True,26904.399999999987
2024-11-12,817.5,817.5,True,27721.899999999987
2024-11-13,510.1,510.1,True,28231.999999999985
2024-11-14,-400.7,400.7,False,27831.299999999985
2024-11-15,-370.0,370.0,False,27461.299999999985
2024-11-18,254.8,254.8,True,27716.099999999984
2024-11-19,829.5,829.5,True,28545.599999999984
2024-11-20,773.4,773.4,True,29318.999999999985
2024-11-21,1005.1,1005.1,True,30324.099999999984
2024-11-22,490.3,490.3,True,30814.399999999983
2024-11-25,-435.3,435.3,False,30379.099999999984
2024-11-26,-122.8,122.8,False,30256.299999999985
2024-11-27,103.0,103.0,True,30359.299999999985
2024-11-28,0.0,0.0,False,30359.299999999985
2024-11-29,320.0,320.0,True,30679.299999999985
2024-12-02,353.6,353.6,True,31032.899999999983
2024-12-03,676.0,676.0,True,31708.899999999983
2024-12-04,556.8,556.8,True,32265.699999999983
2024-12-05,766.7,766.7,True,33032.39999999998
2024-12-06,376.6,376.6,True,33408.99999999998
2024-12-09,479.1,479.1,True,33888.09999999998
2024-12-10,438.5,438.5,True,34326.59999999998
2024-12-11,223.1,223.1,True,34549.699999999975
2024-12-12,597.5,597.5,True,35147.199999999975
2024-12-13,428.9,428.9,True,35576.09999999998
2024-12-16,636.9,636.9,True,36212.99999999998
2024-12-17,493.9,493.9,True,36706.89999999998
2024-12-18,275.3,275.3,True,36982.19999999998
2024-12-19,-671.9,671.9,False,36310.29999999998
2024-12-20,-277.0,277.0,False,36033.29999999998
2024-12-23,-226.5,226.5,False,35806.79999999998
2024-12-24,-338.4,338.4,False,35468.39999999998
2024-12-25,0.0,0.0,False,35468.39999999998
2024-12-26,475.2,475.2,True,35943.59999999998
2024-12-27,-287.9,287.9,False,35655.699999999975
2024-12-30,-415.1,415.1,False,35240.59999999998
2024-12-31,5.3,5.3,True,35245.89999999998
2025-01-01,0.0,0.0,False,35245.89999999998
2025-01-02,-242.3,242.3,False,35003.59999999998
2025-01-03,908.1,908.1,True,35911.699999999975
2025-01-06,978.6,978.6,True,36890.299999999974
2025-01-07,52.4,52.4,True,36942.699999999975
2025-01-08,-568.8,568.8,False,36373.89999999997
2025-01-09,0.0,0.0,False,36373.89999999997
2025-01-10,-149.4,149.4,False,36224.49999999997
2025-01-13,-284.1,284.1,False,35940.39999999997
2025-01-14,-209.8,209.8,False,35730.59999999997
2025-01-15,755.1,755.1,True,36485.69999999997
2025-01-16,626.1,626.1,True,37111.79999999997
2025-01-17,1072.8,1072.8,True,38184.59999999997
2025-01-20,0.0,0.0,False,38184.59999999997
2025-01-21,802.6,802.6,True,38987.19999999997
2025-01-22,248.7,248.7,True,39235.899999999965
2025-01-23,188.7,188.7,True,39424.59999999996
2025-01-24,517.7,517.7,True,39942.29999999996
2025-01-27,-457.6,457.6,False,39484.69999999996
2025-01-28,18.4,18.4,True,39503.09999999996
2025-01-29,92.0,92.0,True,39595.09999999996
2025-01-30,588.1,588.1,True,40183.19999999996
2025-01-31,318.6,318.6,True,40501.79999999996
2025-02-03,-234.4,234.4,False,40267.39999999996
2025-02-04,340.7,340.7,True,40608.099999999955
2025-02-05,66.4,66.4,True,40674.499999999956
2025-02-06,-140.2,140.2,False,40534.29999999996
2025-02-07,171.3,171.3,True,40705.59999999996
2025-02-10,-186.3,186.3,False,40519.29999999996
2025-02-11,-56.7,56.7,False,40462.59999999996
2025-02-12,-251.0,251.0,False,40211.59999999996
2025-02-13,-157.8,157.8,False,40053.79999999996
2025-02-14,66.2,66.2,True,40119.999999999956
2025-02-17,0.0,0.0,False,40119.999999999956
2025-02-18,-60.7,60.7,False,40059.29999999996
2025-02-19,-71.2,71.2,False,39988.09999999996
2025-02-20,-364.8,364.8,False,39623.29999999996
2025-02-21,-62.9,62.9,False,39560.39999999996
2025-02-24,-565.9,565.9,False,38994.499999999956
2025-02-25,-1113.7,1113.7,False,37880.79999999996
2025-02-26,-757.8,757.8,False,37122.999999999956
2025-02-27,-275.9,275.9,False,36847.099999999955
2025-02-28,94.3,94.3,True,36941.39999999996
2025-03-03,-74.2,74.2,False,36867.19999999996
2025-03-04,-143.5,143.5,False,36723.69999999996
2025-03-05,-38.3,38.3,False,36685.39999999996
2025-03-06,-134.3,134.3,False,36551.099999999955
2025-03-07,-409.3,409.3,False,36141.79999999995
2025-03-10,-372.5,372.5,False,35769.29999999995
2025-03-11,-396.3,396.3,False,35372.99999999995
2025-03-12,13.3,13.3,True,35386.29999999995
2025-03-13,-143.4,143.4,False,35242.89999999995
2025-03-14,41.3,41.3,True,35284.19999999995
2025-03-17,274.6,274.6,True,35558.79999999995
2025-03-18,209.1,209.1,True,35767.89999999995
2025-03-19,11.8,11.8,True,35779.69999999995
2025-03-20,165.7,165.7,True,35945.39999999995
2025-03-21,83.1,83.1,True,36028.49999999995
2025-03-24,79.7,79.7,True,36108.199999999946
2025-03-25,26.8,26.8,True,36134.99999999995
2025-03-26,89.6,89.6,True,36224.59999999995
2025-03-27,81.7,81.7,True,36306.299999999945
2025-03-28,-94.9,94.9,False,36211.39999999994
2025-03-31,-71.2,71.2,False,36140.199999999946
2025-04-01,-157.8,157.8,False,35982.39999999994
2025-04-02,220.8,220.8,True,36203.199999999946
2025-04-03,-99.8,99.8,False,36103.39999999994
2025-04-04,-64.9,64.9,False,36038.49999999994
2025-04-07,-109.2,109.2,False,35929.299999999945
2025-04-08,-328.0,328.0,False,35601.299999999945
2025-04-09,-127.2,127.2,False,35474.09999999995
2025-04-10,-149.5,149.5,False,35324.59999999995
2025-04-11,-1.0,1.0,False,35323.59999999995
2025-04-14,1.5,1.5,True,35325.09999999995
2025-04-15,76.4,76.4,True,35401.49999999995
2025-04-16,-169.8,169.8,False,35231.699999999946
2025-04-17,106.9,106.9,True,35338.59999999995
2025-04-18,0.0,0.0,False,35338.59999999995
2025-04-21,387.4,387.4,True,35725.99999999995
2025-04-22,936.5,936.5,True,36662.49999999995
2025-04-23,917.0,917.0,True,37579.49999999995
2025-04-24,442.0,442.0,True,38021.49999999995
2025-04-25,380.0,380.0,True,38401.49999999995
2025-04-28,591.2,591.2,True,38992.699999999946
2025-04-29,172.8,172.8,True,39165.49999999995
2025-04-30,-56.3,56.3,False,39109.199999999946
2025-05-01,422.5,422.5,True,39531.699999999946
2025-05-02,674.9,674.9,True,40206.59999999995
2025-05-05,425.5,425.5,True,40632.09999999995
2025-05-06,-85.7,85.7,False,40546.39999999995
2025-05-07,142.3,142.3,True,40688.69999999995
2025-05-08,117.4,117.4,True,40806.099999999955
2025-05-09,334.5,334.5,True,41140.599999999955
2025-05-12,5.2,5.2,True,41145.79999999995
2025-05-13,-91.4,91.4,False,41054.39999999995
2025-05-14,319.5,319.5,True,41373.89999999995
2025-05-15,114.9,114.9,True,41488.79999999995
2025-05-16,260.2,260.2,True,41748.99999999995
2025-05-19,667.4,667.4,True,42416.39999999995
2025-05-20,329.2,329.2,True,42745.59999999995
2025-05-21,607.1,607.1,True,43352.699999999946
2025-05-22,934.8,934.8,True,44287.49999999995
2025-05-23,211.7,211.7,True,44499.199999999946
2025-05-26,0.0,0.0,False,44499.199999999946
2025-05-27,385.4,385.4,True,44884.59999999995
2025-05-28,432.7,432.7,True,45317.299999999945
2025-05-29,-346.8,346.8,False,44970.49999999994
2025-05-30,-616.1,616.1,False,44354.39999999994
2025-06-02,-267.5,267.5,False,44086.89999999994
2025-06-03,375.1,375.1,True,44461.99999999994
2025-06-04,87.0,87.0,True,44548.99999999994
2025-06-05,-278.4,278.4,False,44270.59999999994
2025-06-06,-47.8,47.8,False,44222.79999999994
2025-06-09,386.2,386.2,True,44608.999999999935
2025-06-10,431.2,431.2,True,45040.19999999993
2025-06-11,164.6,164.6,True,45204.79999999993
2025-06-12,86.3,86.3,True,45291.09999999993
2025-06-13,322.7,322.7,True,45613.79999999993
2025-06-16,412.2,412.2,True,46025.99999999993
2025-06-17,216.5,216.5,True,46242.49999999993
2025-06-18,388.3,388.3,True,46630.79999999993
2025-06-19,0.0,0.0,False,46630.79999999993
2025-06-20,6.4,6.4,True,46637.19999999993
2025-06-23,350.6,350.6,True,46987.79999999993
2025-06-24,588.6,588.6,True,47576.39999999993
2025-06-25,547.7,547.7,True,48124.099999999926
2025-06-26,226.7,226.7,True,48350.79999999992
2025-06-27,501.2,501.2,True,48851.99999999992
2025-06-30,102.1,102.1,True,48954.09999999992
2025-07-01,-342.2,342.2,False,48611.89999999992
2025-07-02,407.8,407.8,True,49019.699999999924
2025-07-03,601.8,601.8,True,49621.49999999993
2025-07-07,216.5,216.5,True,49837.99999999993
2025-07-08,80.1,80.1,True,49918.099999999926
2025-07-09,215.7,215.7,True,50133.79999999992
2025-07-10,1175.6,1175.6,True,51309.39999999992
2025-07-11,1029.6,1029.6,True,52338.99999999992
2025-07-14,297.4,297.4,True,52636.39999999992
2025-07-15,403.1,403.1,True,53039.49999999992
2025-07-16,799.4,799.4,True,53838.89999999992
2025-07-17,522.6,522.6,True,54361.49999999992
2025-07-18,363.5,363.5,True,54724.99999999992
2025-07-21,-131.4,131.4,False,54593.59999999992
2025-07-22,-68.0,68.0,False,54525.59999999992
2025-07-23,-85.8,85.8,False,54439.799999999916
2025-07-24,226.7,226.7,True,54666.49999999991
2025-07-25,130.8,130.8,True,54797.299999999916
2025-07-28,157.1,157.1,True,54954.399999999914
2025-07-29,80.0,80.0,True,55034.399999999914
2025-07-30,47.1,47.1,True,55081.49999999991
2025-07-31,-114.8,114.8,False,54966.69999999991
2025-08-01,-812.3,812.3,False,54154.39999999991
2025-08-04,-323.5,323.5,False,53830.89999999991
2025-08-05,-196.2,196.2,False,53634.69999999991
2025-08-06,91.6,91.6,True,53726.29999999991
2025-08-07,277.4,277.4,True,54003.69999999991
2025-08-08,403.9,403.9,True,54407.59999999991
2025-08-11,178.1,178.1,True,54585.69999999991
2025-08-12,65.9,65.9,True,54651.59999999991
2025-08-13,86.9,86.9,True,54738.49999999991
2025-08-14,230.8,230.8,True,54969.299999999916
2025-08-15,-14.1,14.1,False,54955.19999999992
2025-08-18,-121.7,121.7,False,54833.49999999992
2025-08-19,-523.3,523.3,False,54310.19999999992
2025-08-20,-315.9,315.9,False,53994.299999999916
2025-08-21,-194.4,194.4,False,53799.899999999914
2025-08-22,-23.2,23.2,False,53776.69999999992
2025-08-25,219.1,219.1,True,53995.799999999916
2025-08-26,88.1,88.1,True,54083.899999999914
2025-08-27,81.4,81.4,True,54165.299999999916
2025-08-28,178.9,178.9,True,54344.19999999992
2025-08-29,-126.7,126.7,False,54217.49999999992
2025-09-02,332.8,332.8,True,54550.29999999992
2025-09-03,300.5,300.5,True,54850.79999999992
2025-09-04,-222.9,222.9,False,54627.89999999992
2025-09-05,-160.1,160.1,False,54467.79999999992
2025-09-08,364.3,364.3,True,54832.099999999926
2025-09-09,23.0,23.0,True,54855.099999999926
2025-09-10,741.5,741.5,True,55596.599999999926
2025-09-11,552.7,552.7,True,56149.29999999992
2025-09-12,642.4,642.4,True,56791.699999999924
2025-09-15,259.9,259.9,True,57051.599999999926
2025-09-16,292.3,292.3,True,57343.89999999993
2025-09-17,-51.3,51.3,False,57292.599999999926
2025-09-18,163.0,163.0,True,57455.599999999926
2025-09-19,222.6,222.6,True,57678.199999999924
2025-09-22,-363.1,363.1,False,57315.099999999926
2025-09-23,-103.8,103.8,False,57211.29999999992
2025-09-24,241.0,241.0,True,57452.29999999992
2025-09-25,-253.4,253.4,False,57198.89999999992
2025-09-26,-418.3,418.3,False,56780.59999999992
2025-09-29,518.0,518.0,True,57298.59999999992
2025-09-30,429.9,429.9,True,57728.49999999992
2025-10-01,675.8,675.8,True,58404.29999999992
2025-10-02,627.2,627.2,True,59031.49999999992
2025-10-03,985.1,985.1,True,60016.59999999992
2025-10-06,1205.2,1205.2,True,61221.799999999916
2025-10-07,875.6,875.6,True,62097.399999999914
2025-10-08,440.7,440.7,True,62538.09999999991
2025-10-09,197.8,197.8,True,62735.899999999914
2025-10-10,-4.5,4.5,False,62731.399999999914
2025-10-13,-326.4,326.4,False,62404.99999999991
2025-10-14,102.7,102.7,True,62507.69999999991
2025-10-15,-104.1,104.1,False,62403.59999999991
2025-10-16,-530.9,530.9,False,61872.69999999991
2025-10-17,-366.6,366.6,False,61506.09999999991
2025-10-20,-40.4,40.4,False,61465.69999999991
2025-10-21,477.2,477.2,True,61942.89999999991
2025-10-22,-101.4,101.4,False,61841.499999999905
2025-10-23,20.3,20.3,True,61861.79999999991
2025-10-24,90.6,90.6,True,61952.39999999991
2025-10-27,149.3,149.3,True,62101.69999999991
2025-10-28,202.4,202.4,True,62304.09999999991
2025-10-29,-470.7,470.7,False,61833.399999999914
2025-10-30,-488.4,488.4,False,61344.99999999991
2025-10-31,-191.6,191.6,False,61153.399999999914
2025-11-03,-186.5,186.5,False,60966.899999999914
2025-11-04,-566.4,566.4,False,60400.49999999991
2025-11-05,-137.0,137.0,False,60263.49999999991
2025-11-06,239.9,239.9,True,60503.399999999914
2025-11-07,-558.4,558.4,False,59944.99999999991
2025-11-10,1.2,1.2,True,59946.19999999991
2025-11-11,524.0,524.0,True,60470.19999999991
2025-11-12,-278.1,278.1,False,60192.09999999991
2025-11-13,-866.7,866.7,False,59325.399999999914
2025-11-14,-492.1,492.1,False,58833.299999999916
2025-11-17,-254.6,254.6,False,58578.69999999992
2025-11-18,-372.8,372.8,False,58205.899999999914
2025-11-19,75.4,75.4,True,58281.299999999916
2025-11-20,-903.2,903.2,False,57378.09999999992
2025-11-21,238.4,238.4,True,57616.49999999992
2025-11-24,-151.0,151.0,False,57465.49999999992
2025-11-25,128.7,128.7,True,57594.19999999992
2025-11-26,21.1,21.1,True,57615.299999999916
2025-11-28,71.4,71.4,True,57686.69999999992
2025-12-01,8.5,8.5,True,57695.19999999992
2025-12-02,58.5,58.5,True,57753.69999999992
2025-12-03,-14.9,14.9,False,57738.799999999916
2025-12-04,-194.6,194.6,False,57544.19999999992
2025-12-05,54.8,54.8,True,57598.99999999992
2025-12-08,-60.4,60.4,False,57538.59999999992
2025-12-09,151.9,151.9,True,57690.49999999992
2025-12-10,223.5,223.5,True,57913.99999999992
2025-12-11,-77.5,77.5,False,57836.49999999992
2025-12-12,49.1,49.1,True,57885.59999999992
2025-12-15,-357.6,357.6,False,57527.99999999992
2025-12-16,-277.2,277.2,False,57250.79999999992
2025-12-17,457.3,457.3,True,57708.099999999926
2025-12-18,-161.3,161.3,False,57546.79999999992
2025-12-19,-158.3,158.3,False,57388.49999999992
2025-12-22,-142.2,142.2,False,57246.29999999992
2025-12-23,-188.6,188.6,False,57057.699999999924
2025-12-24,-175.3,175.3,False,56882.39999999992
2025-12-26,-275.9,275.9,False,56606.49999999992
2025-12-29,-19.3,19.3,False,56587.19999999992
2025-12-30,355.1,355.1,True,56942.299999999916
2025-12-31,-348.1,348.1,False,56594.19999999992
2026-01-02,471.3,471.3,True,57065.49999999992
2026-01-05,697.2,697.2,True,57762.69999999992
2026-01-06,-243.2,243.2,False,57519.49999999992
2026-01-07,-486.1,486.1,False,57033.39999999992
2026-01-08,-398.8,398.8,False,56634.59999999992
2026-01-09,-250.0,250.0,False,56384.59999999992
2026-01-12,116.7,116.7,True,56501.299999999916
2026-01-13,753.8,753.8,True,57255.09999999992
2026-01-14,840.6,840.6,True,58095.69999999992
2026-01-15,100.2,100.2,True,58195.899999999914
2026-01-16,-394.7,394.7,False,57801.19999999992
2026-01-20,-479.7,479.7,False,57321.49999999992
2026-01-21,-708.7,708.7,False,56612.79999999992
2026-01-22,-32.2,32.2,False,56580.599999999926
2026-01-23,-103.5,103.5,False,56477.099999999926
2026-01-26,6.8,6.8,True,56483.89999999993
2026-01-27,-147.4,147.4,False,56336.49999999993
2026-01-28,-19.6,19.6,False,56316.89999999993
2026-01-29,-817.8,817.8,False,55499.099999999926
2026-01-30,-509.7,509.7,False,54989.39999999993
2026-02-02,561.8,561.8,True,55551.19999999993
2026-02-03,-272.0,272.0,False,55279.19999999993
2026-02-04,-544.9,544.9,False,54734.29999999993
2026-02-05,-434.1,434.1,False,54300.19999999993
2026-02-06,371.1,371.1,True,54671.29999999993
2026-02-09,144.9,144.9,True,54816.19999999993
2026-02-10,166.5,166.5,True,54982.69999999993
2026-02-11,-276.3,276.3,False,54706.39999999993
2026-02-12,-410.2,410.2,False,54296.19999999993
2026-02-13,15.1,15.1,True,54311.29999999993
2026-02-17,-104.9,104.9,False,54206.39999999993
2026-02-18,-133.3,133.3,False,54073.099999999926
2026-02-19,-165.8,165.8,False,53907.29999999992
2026-02-20,88.1,88.1,True,53995.39999999992
2026-02-23,-203.8,203.8,False,53791.59999999992
2026-02-24,257.7,257.7,True,54049.299999999916
2026-02-25,506.6,506.6,True,54555.899999999914
2026-02-26,254.4,254.4,True,54810.299999999916
2026-02-27,-27.5,27.5,False,54782.799999999916
2026-03-02,458.2,458.2,True,55240.99999999991
2026-03-03,225.2,225.2,True,55466.19999999991
2026-03-04,461.9,461.9,True,55928.09999999991
2026-03-05,-227.9,227.9,False,55700.19999999991
2026-03-06,-348.9,348.9,False,55351.29999999991
2026-03-09,167.1,167.1,True,55518.39999999991
2026-03-10,246.9,246.9,True,55765.29999999991
2026-03-11,115.2,115.2,True,55880.499999999905
2026-03-12,53.8,53.8,True,55934.29999999991
2026-03-13,180.4,180.4,True,56114.69999999991
2026-03-16,199.4,199.4,True,56314.09999999991
2026-03-17,199.4,199.4,True,56513.49999999991
2026-03-18,-163.5,163.5,False,56349.99999999991
2026-03-19,-90.2,90.2,False,56259.799999999916
2026-03-20,-52.0,52.0,False,56207.799999999916
2026-03-23,167.2,167.2,True,56374.99999999991
2026-03-24,-74.5,74.5,False,56300.49999999991
2026-03-25,7.8,7.8,True,56308.299999999916
2026-03-26,-171.3,171.3,False,56136.99999999991
2026-03-27,-225.5,225.5,False,55911.49999999991
2026-03-30,69.4,69.4,True,55980.899999999914
2026-03-31,117.5,117.5,True,56098.399999999914
2026-04-01,-173.7,173.7,False,55924.69999999992
2026-04-02,9.0,9.0,True,55933.69999999992
2026-04-06,471.4,471.4,True,56405.09999999992
2026-04-07,-159.1,159.1,False,56245.99999999992
2026-04-08,-93.9,93.9,False,56152.09999999992
2026-04-09,358.1,358.1,True,56510.19999999992
2026-04-10,256.7,256.7,True,56766.899999999914
2026-04-13,-291.0,291.0,False,56475.899999999914
2026-04-14,411.4,411.4,True,56887.299999999916
2026-04-15,186.1,186.1,True,57073.399999999914
2026-04-16,26.1,26.1,True,57099.49999999991
2026-04-17,663.9,663.9,True,57763.399999999914
2026-04-20,238.4,238.4,True,58001.799999999916
2026-04-21,11.8,11.8,True,58013.59999999992
2026-04-22,335.8,335.8,True,58349.39999999992
2026-04-23,223.3,223.3,True,58572.699999999924
2026-04-24,14.4,14.4,True,58587.099999999926
2026-04-27,-263.2,263.2,False,58323.89999999993
2026-04-28,-89.7,89.7,False,58234.19999999993
2026-04-29,-137.6,137.6,False,58096.59999999993
2026-04-30,23.5,23.5,True,58120.09999999993
2026-05-01,629.8,629.8,True,58749.899999999936
2026-05-04,532.3,532.3,True,59282.19999999994
2026-05-05,467.3,467.3,True,59749.49999999994
2026-05-06,46.2,46.2,True,59795.69999999994
2026-05-07,-268.5,268.5,False,59527.19999999994
2026-05-08,-145.7,145.7,False,59381.49999999994
2026-05-11,27.2,27.2,True,59408.69999999994
2026-05-12,-233.2,233.2,False,59175.49999999994
2026-05-13,-630.4,630.4,False,58545.09999999994
2026-05-14,131.3,131.3,True,58676.39999999994
2026-05-15,-290.4,290.4,False,58385.99999999994
2026-05-18,-648.6,648.6,False,57737.39999999994
2026-05-19,-331.1,331.1,False,57406.299999999945
2026-05-20,-70.5,70.5,False,57335.799999999945
2026-05-21,-100.9,100.9,False,57234.89999999994
2026-05-22,-105.2,105.2,False,57129.699999999946
2026-05-26,-333.6,333.6,False,56796.09999999995
2026-05-27,-733.4,733.4,False,56062.699999999946
2026-05-28,-223.3,223.3,False,55839.39999999994
2026-05-29,-125.3,125.3,False,55714.09999999994
2026-06-01,-483.8,483.8,False,55230.29999999994
2026-06-02,-519.1,519.1,False,54711.19999999994
2026-06-03,-396.6,396.6,False,54314.59999999994
2026-06-04,3.2,3.2,True,54317.79999999994
2026-06-05,-325.7,325.7,False,53992.09999999994
2026-06-08,-91.4,91.4,False,53900.69999999994
2026-06-09,-77.4,77.4,False,53823.29999999994
2026-06-10,-213.9,213.9,False,53609.399999999936
2026-06-11,-22.5,22.5,False,53586.899999999936
2026-06-12,85.9,85.9,True,53672.79999999994
2026-06-15,-64.8,64.8,False,53607.999999999935
2026-06-16,10.2,10.2,True,53618.19999999993
2026-06-17,-82.2,82.2,False,53535.999999999935
2026-06-18,-90.7,90.7,False,53445.29999999994
2026-06-22,-68.3,68.3,False,53376.999999999935
2026-06-23,-113.8,113.8,False,53263.19999999993
2026-06-24,-469.0,469.0,False,52794.19999999993
2026-06-25,-691.7,691.7,False,52102.499999999935
2026-06-26,-444.5,444.5,False,51657.999999999935
2026-06-29,-231.0,231.0,False,51426.999999999935
2026-06-30,-222.6,222.6,False,51204.399999999936
2026-07-01,-296.0,296.0,False,50908.399999999936
2026-07-02,223.5,223.5,True,51131.899999999936
2026-07-06,265.7,265.7,True,51397.59999999993
2026-07-07,21.5,21.5,True,51419.09999999993
2026-07-08,-84.9,84.9,False,51334.19999999993
2026-07-09,-95.3,95.3,False,51238.89999999993
2026-07-10,90.4,90.4,True,51329.29999999993
2026-07-13,-424.7,424.7,False,50904.59999999993
2026-07-14,181.1,181.1,True,51085.69999999993
2026-07-15,107.7,107.7,True,51193.39999999993
2026-07-16,79.1,79.1,True,51272.49999999993
2026-07-17,132.3,132.3,True,51404.79999999993
2026-07-20,226.8,226.8,True,51631.59999999993
2026-07-21,203.2,203.2,True,51834.79999999993
2026-07-22,69.1,69.1,True,51903.89999999993
2026-07-23,-225.1,225.1,False,51678.79999999993
2026-07-24,-240.1,240.1,False,51438.69999999993
2026-07-27,-11.6,11.6,False,51427.09999999993
2026-07-28,-49.7,49.7,False,51377.399999999936
2026-07-29,32.1,32.1,True,51409.499999999935
2026-07-30,233.1,233.1,True,51642.59999999993
2026-07-31,-265.4,265.4,False,51377.19999999993
2026-08-03,170.1,170.1,True,51547.29999999993
2026-08-04,211.5,211.5,True,51758.79999999993
2026-08-05,244.4,244.4,True,52003.19999999993
2026-08-06,137.6,137.6,True,52140.79999999993
2026-08-07,101.7,101.7,True,52242.49999999993
2026-08-10,-144.6,144.6,False,52097.89999999993
2026-08-11,7.8,7.8,True,52105.69999999993
2026-08-12,-61.1,61.1,False,52044.59999999993
2026-08-13,-131.1,131.1,False,51913.499999999935
2026-08-14,-56.2,56.2,False,51857.29999999994
2026-08-17,297.5,297.5,True,52154.79999999994
2026-08-18,189.3,189.3,True,52344.09999999994
2026-08-19,517.2,517.2,True,52861.29999999994
2026-08-20,606.3,606.3,True,53467.59999999994
2026-08-21,307.5,307.5,True,53775.09999999994
2026-08-24,337.6,337.6,True,54112.69999999994
2026-08-25,314.3,314.3,True,54426.99999999994
2026-08-26,232.2,232.2,True,54659.19999999994
2026-08-27,242.3,242.3,True,54901.49999999994
2026-08-28,-201.9,201.9,False,54699.59999999994
2026-08-31,216.7,216.7,True,54916.29999999994
2026-09-01,-236.5,236.5,False,54679.79999999994
2026-09-02,0.0,0.0,False,54679.79999999994
